{"v":"5.5.7","meta":{"g":"LottieFiles AE 0.1.20","a":"","k":"","d":"","tc":""},"fr":60,"ip":0,"op":193,"w":600,"h":600,"nm":"Heart","ddd":0,"assets":[],"layers":[{"ddd":0,"ind":1,"ty":3,"nm":"Null 12","sr":1,"ks":{"o":{"a":0,"k":0,"ix":11},"r":{"a":0,"k":0,"ix":10},"p":{"a":0,"k":[300,352,0],"ix":2},"a":{"a":0,"k":[0,0,0],"ix":1},"s":{"a":0,"k":[100,100,100],"ix":6}},"ao":0,"ip":0,"op":1800,"st":0,"bm":0},{"ddd":0,"ind":2,"ty":4,"nm":"Consumer_01","parent":14,"sr":1,"ks":{"o":{"a":0,"k":100,"ix":11},"r":{"a":0,"k":0,"ix":10},"p":{"a":0,"k":[0,82,0],"ix":2},"a":{"a":0,"k":[-299.591,-492.182,0],"ix":1},"s":{"a":0,"k":[100,100,100],"ix":6}},"ao":0,"shapes":[{"ty":"gr","it":[{"ind":0,"ty":"sh","ix":1,"ks":{"a":0,"k":{"i":[[49.357,16.037],[22.441,-13.333],[26.776,-8.7],[-16.037,-49.357],[-29.762,-19.068],[-0.244,-0.129],[-2.901,0],[-2.113,1.668],[-0.237,0.152],[-13.225,40.701]],"o":[[-26.776,-8.7],[-22.441,-13.333],[-49.357,16.037],[13.225,40.701],[0.237,0.152],[2.113,1.668],[2.901,0],[0.244,-0.129],[29.762,-19.068],[16.037,-49.357]],"v":[[-222.524,-731.368],[-299.591,-722.761],[-376.657,-731.368],[-436.989,-612.961],[-307.993,-495.262],[-307.268,-494.853],[-299.591,-492.182],[-291.914,-494.853],[-291.189,-495.262],[-162.193,-612.961]],"c":true},"ix":2},"nm":"Path 1","mn":"ADBE Vector Shape - Group","hd":false},{"ty":"tr","p":{"a":0,"k":[0,0],"ix":2},"a":{"a":0,"k":[0,0],"ix":1},"s":{"a":0,"k":[100,100],"ix":3},"r":{"a":0,"k":0,"ix":6},"o":{"a":0,"k":100,"ix":7},"sk":{"a":0,"k":0,"ix":4},"sa":{"a":0,"k":0,"ix":5},"nm":"Transform"}],"nm":"Group 1","np":2,"cix":2,"bm":0,"ix":1,"mn":"ADBE Vector Group","hd":false},{"ty":"st","c":{"a":1,"k":[{"t":77,"s":[0.301960796118,0.301960796118,0.301960796118,1],"h":1},{"t":86,"s":[0.933333396912,0.305882364511,0.305882364511,1],"h":1}],"ix":3},"o":{"a":0,"k":100,"ix":4},"w":{"a":0,"k":10,"ix":5},"lc":1,"lj":1,"ml":4,"bm":0,"nm":"Stroke 1","mn":"ADBE Vector Graphic - Stroke","hd":false}],"ip":0,"op":87,"st":0,"bm":0},{"ddd":0,"ind":3,"ty":4,"nm":"Shape Layer 1","parent":6,"sr":1,"ks":{"o":{"a":0,"k":100,"ix":11},"r":{"a":0,"k":0,"ix":10},"p":{"a":0,"k":[-0.091,73.659,0],"ix":2},"a":{"a":0,"k":[9.409,68.909,0],"ix":1},"s":{"a":0,"k":[100,100,100],"ix":6}},"ao":0,"shapes":[{"ty":"gr","it":[{"d":1,"ty":"el","s":{"a":0,"k":[24.818,24.818],"ix":2},"p":{"a":0,"k":[0,0],"ix":3},"nm":"Ellipse Path 1","mn":"ADBE Vector Shape - Ellipse","hd":false},{"ty":"fl","c":{"a":0,"k":[0.933777573529,0.30701081519,0.30701081519,1],"ix":4},"o":{"a":0,"k":100,"ix":5},"r":1,"bm":0,"nm":"Fill 1","mn":"ADBE Vector Graphic - Fill","hd":false},{"ty":"tr","p":{"a":0,"k":[9.409,68.909],"ix":2},"a":{"a":0,"k":[0,0],"ix":1},"s":{"a":0,"k":[100,100],"ix":3},"r":{"a":0,"k":0,"ix":6},"o":{"a":0,"k":100,"ix":7},"sk":{"a":0,"k":0,"ix":4},"sa":{"a":0,"k":0,"ix":5},"nm":"Transform"}],"nm":"Ellipse 1","np":3,"cix":2,"bm":0,"ix":1,"mn":"ADBE Vector Group","hd":false}],"ip":87,"op":1800,"st":0,"bm":0},{"ddd":0,"ind":4,"ty":4,"nm":"Locator 4","parent":6,"sr":1,"ks":{"o":{"a":0,"k":100,"ix":11},"r":{"a":1,"k":[{"i":{"x":[0.9],"y":[0.753]},"o":{"x":[0.501],"y":[0.176]},"t":76,"s":[0]},{"i":{"x":[0.652],"y":[1]},"o":{"x":[0.138],"y":[0.17]},"t":88,"s":[25]},{"t":102,"s":[18]}],"ix":10},"p":{"s":true,"x":{"a":0,"k":0,"ix":3},"y":{"a":1,"k":[{"i":{"x":[0.362],"y":[0.964]},"o":{"x":[0.167],"y":[0.167]},"t":0,"s":[84.696]},{"i":{"x":[0.717],"y":[0.772]},"o":{"x":[0.312],"y":[0.844]},"t":9,"s":[24.733]},{"i":{"x":[0.957],"y":[0.955]},"o":{"x":[0.56],"y":[-0.008]},"t":20,"s":[23.225]},{"i":{"x":[0.667],"y":[1]},"o":{"x":[0.121],"y":[0.135]},"t":28,"s":[84.696]},{"i":{"x":[0.667],"y":[1]},"o":{"x":[0.473],"y":[-0.023]},"t":40,"s":[64.119]},{"t":56,"s":[84.696]}],"ix":4}},"a":{"a":0,"k":[0,84.696,0],"ix":1},"s":{"a":1,"k":[{"i":{"x":[0.44,0.44,0.12],"y":[0.912,0.912,1]},"o":{"x":[0.056,0.056,0.66],"y":[0.059,0.059,0]},"t":0,"s":[0,0,100]},{"t":16,"s":[100,100,100]}],"ix":6}},"ao":0,"shapes":[{"ty":"gr","it":[{"ind":0,"ty":"sh","ix":1,"ks":{"a":0,"k":{"i":[[0,-51.897],[22.413,-27.331],[3.962,4.831],[0,42.796],[-51.897,0]],"o":[[0,42.796],[-3.962,4.831],[-22.413,-27.331],[0,-51.897],[51.897,0]],"v":[[93.968,-70.728],[7.657,81.073],[-7.657,81.073],[-93.968,-70.728],[0,-164.696]],"c":true},"ix":2},"nm":"Path 1","mn":"ADBE Vector Shape - Group","hd":false},{"ty":"fl","c":{"a":0,"k":[0.933777573529,0.30701081519,0.30701081519,1],"ix":4},"o":{"a":0,"k":100,"ix":5},"r":1,"bm":0,"nm":"Fill 1","mn":"ADBE Vector Graphic - Fill","hd":false},{"ty":"tr","p":{"a":0,"k":[0,0],"ix":2},"a":{"a":0,"k":[0,0],"ix":1},"s":{"a":0,"k":[100,100],"ix":3},"r":{"a":0,"k":0,"ix":6},"o":{"a":0,"k":100,"ix":7},"sk":{"a":0,"k":0,"ix":4},"sa":{"a":0,"k":0,"ix":5},"nm":"Transform"}],"nm":"Group 1","np":2,"cix":2,"bm":0,"ix":1,"mn":"ADBE Vector Group","hd":false}],"ip":87,"op":1800,"st":0,"bm":0},{"ddd":0,"ind":5,"ty":4,"nm":"Locator 3","parent":6,"sr":1,"ks":{"o":{"a":0,"k":100,"ix":11},"r":{"a":1,"k":[{"i":{"x":[0.687],"y":[1.072]},"o":{"x":[0.084],"y":[0.796]},"t":0,"s":[-61.91]},{"i":{"x":[0.783],"y":[1.13]},"o":{"x":[0.128],"y":[0.593]},"t":29,"s":[17.265]},{"i":{"x":[0.688],"y":[1]},"o":{"x":[0.063],"y":[0.145]},"t":55,"s":[-4.635]},{"i":{"x":[0.688],"y":[1]},"o":{"x":[0.167],"y":[0]},"t":66,"s":[0]},{"i":{"x":[0.9],"y":[0.753]},"o":{"x":[0.501],"y":[0.176]},"t":76,"s":[0]},{"i":{"x":[0.652],"y":[1]},"o":{"x":[0.138],"y":[0.17]},"t":88,"s":[-25]},{"t":99,"s":[-18]}],"ix":10},"p":{"s":true,"x":{"a":0,"k":0,"ix":3},"y":{"a":1,"k":[{"i":{"x":[0.362],"y":[0.964]},"o":{"x":[0.167],"y":[0.167]},"t":0,"s":[84.696]},{"i":{"x":[0.717],"y":[0.772]},"o":{"x":[0.312],"y":[0.844]},"t":9,"s":[24.733]},{"i":{"x":[0.957],"y":[0.955]},"o":{"x":[0.56],"y":[-0.008]},"t":20,"s":[23.225]},{"i":{"x":[0.667],"y":[1]},"o":{"x":[0.121],"y":[0.135]},"t":28,"s":[84.696]},{"i":{"x":[0.667],"y":[1]},"o":{"x":[0.473],"y":[-0.023]},"t":40,"s":[64.119]},{"t":56,"s":[84.696]}],"ix":4}},"a":{"a":0,"k":[0,84.696,0],"ix":1},"s":{"a":1,"k":[{"i":{"x":[0.44,0.44,0.12],"y":[0.912,0.912,1]},"o":{"x":[0.056,0.056,0.66],"y":[0.059,0.059,0]},"t":0,"s":[0,0,100]},{"t":16,"s":[100,100,100]}],"ix":6}},"ao":0,"shapes":[{"ty":"gr","it":[{"ind":0,"ty":"sh","ix":1,"ks":{"a":0,"k":{"i":[[0,-51.897],[22.413,-27.331],[3.962,4.831],[0,42.796],[-51.897,0]],"o":[[0,42.796],[-3.962,4.831],[-22.413,-27.331],[0,-51.897],[51.897,0]],"v":[[93.968,-70.728],[7.657,81.073],[-7.657,81.073],[-93.968,-70.728],[0,-164.696]],"c":true},"ix":2},"nm":"Path 1","mn":"ADBE Vector Shape - Group","hd":false},{"ty":"fl","c":{"a":0,"k":[0.933777573529,0.30701081519,0.30701081519,1],"ix":4},"o":{"a":0,"k":100,"ix":5},"r":1,"bm":0,"nm":"Fill 1","mn":"ADBE Vector Graphic - Fill","hd":false},{"ty":"tr","p":{"a":0,"k":[0,0],"ix":2},"a":{"a":0,"k":[0,0],"ix":1},"s":{"a":0,"k":[100,100],"ix":3},"r":{"a":0,"k":0,"ix":6},"o":{"a":0,"k":100,"ix":7},"sk":{"a":0,"k":0,"ix":4},"sa":{"a":0,"k":0,"ix":5},"nm":"Transform"}],"nm":"Group 1","np":2,"cix":2,"bm":0,"ix":1,"mn":"ADBE Vector Group","hd":false}],"ip":87,"op":1800,"st":0,"bm":0},{"ddd":0,"ind":6,"ty":3,"nm":"Pos","parent":1,"sr":1,"ks":{"o":{"a":0,"k":0,"ix":11},"r":{"a":0,"k":0,"ix":10},"p":{"s":true,"x":{"a":0,"k":0,"ix":3},"y":{"a":1,"k":[{"i":{"x":[0.667],"y":[1]},"o":{"x":[0.063],"y":[0.606]},"t":86,"s":[0]},{"i":{"x":[0.667],"y":[1]},"o":{"x":[0.333],"y":[0]},"t":112,"s":[-64]},{"i":{"x":[0.667],"y":[1]},"o":{"x":[0.333],"y":[0]},"t":145,"s":[-41]},{"t":193,"s":[-61]}],"ix":4}},"a":{"a":0,"k":[0,0,0],"ix":1},"s":{"a":0,"k":[100,100,100],"ix":6}},"ao":0,"ip":0,"op":1800,"st":0,"bm":0},{"ddd":0,"ind":7,"ty":3,"nm":"Rotate 2","parent":12,"sr":1,"ks":{"o":{"a":0,"k":0,"ix":11},"r":{"a":0,"k":360,"ix":10},"p":{"a":0,"k":[0,0,0],"ix":2},"a":{"a":0,"k":[0,0,0],"ix":1},"s":{"a":0,"k":[100,100,100],"ix":6}},"ao":0,"ip":0,"op":1800,"st":0,"bm":0},{"ddd":0,"ind":8,"ty":4,"nm":"L 2","parent":6,"sr":1,"ks":{"o":{"a":0,"k":100,"ix":11},"r":{"a":0,"k":10.955,"ix":10},"p":{"a":1,"k":[{"i":{"x":0.222,"y":1},"o":{"x":0.078,"y":1},"t":87,"s":[-38.287,-86.981,0],"to":[-63.153,-56.154,0],"ti":[6.999,-52.832,0]},{"t":135,"s":[-183.174,-39.624,0]}],"ix":2},"a":{"a":0,"k":[-191.918,-201.918,0],"ix":1},"s":{"a":0,"k":[107.273,107.273,100],"ix":6}},"ao":0,"shapes":[{"ty":"gr","it":[{"d":1,"ty":"el","s":{"a":1,"k":[{"i":{"x":[0.833,0.833],"y":[1,1]},"o":{"x":[0.167,0.167],"y":[0.167,0.167]},"t":90,"s":[20,20]},{"t":127,"s":[0,0]}],"ix":2},"p":{"a":0,"k":[0,0],"ix":3},"nm":"Ellipse Path 1","mn":"ADBE Vector Shape - Ellipse","hd":false},{"ty":"st","c":{"a":0,"k":[1,0.796078491211,0.129411764706,1],"ix":3},"o":{"a":0,"k":100,"ix":4},"w":{"a":1,"k":[{"i":{"x":[0.833],"y":[0.833]},"o":{"x":[0.167],"y":[0.167]},"t":90,"s":[20]},{"t":127,"s":[0]}],"ix":5},"lc":1,"lj":1,"ml":4,"bm":0,"nm":"Stroke 1","mn":"ADBE Vector Graphic - Stroke","hd":false},{"ty":"tr","p":{"a":0,"k":[-191.918,-201.918],"ix":2},"a":{"a":0,"k":[0,0],"ix":1},"s":{"a":0,"k":[100,100],"ix":3},"r":{"a":0,"k":0,"ix":6},"o":{"a":0,"k":100,"ix":7},"sk":{"a":0,"k":0,"ix":4},"sa":{"a":0,"k":0,"ix":5},"nm":"Transform"}],"nm":"Ellipse 1","np":3,"cix":2,"bm":0,"ix":1,"mn":"ADBE Vector Group","hd":false}],"ip":87,"op":1885,"st":85,"bm":0},{"ddd":0,"ind":9,"ty":4,"nm":"M 2","parent":6,"sr":1,"ks":{"o":{"a":0,"k":100,"ix":11},"r":{"a":0,"k":55.955,"ix":10},"p":{"a":1,"k":[{"i":{"x":0.222,"y":1},"o":{"x":0.068,"y":1},"t":87,"s":[-8.287,-76.981,0],"to":[-11.978,-51.296,0],"ti":[-43.72,2.335,0]},{"t":135,"s":[56.206,-208.998,0]}],"ix":2},"a":{"a":0,"k":[-191.918,-201.918,0],"ix":1},"s":{"a":0,"k":[107.273,107.273,100],"ix":6}},"ao":0,"shapes":[{"ty":"gr","it":[{"d":1,"ty":"el","s":{"a":1,"k":[{"i":{"x":[0.833,0.833],"y":[1,1]},"o":{"x":[0.167,0.167],"y":[0.167,0.167]},"t":90,"s":[20,20]},{"t":134,"s":[0,0]}],"ix":2},"p":{"a":0,"k":[0,0],"ix":3},"nm":"Ellipse Path 1","mn":"ADBE Vector Shape - Ellipse","hd":false},{"ty":"st","c":{"a":0,"k":[1,0.796078491211,0.129411764706,1],"ix":3},"o":{"a":0,"k":100,"ix":4},"w":{"a":1,"k":[{"i":{"x":[0.833],"y":[0.833]},"o":{"x":[0.167],"y":[0.167]},"t":90,"s":[20]},{"t":134,"s":[0]}],"ix":5},"lc":1,"lj":1,"ml":4,"bm":0,"nm":"Stroke 1","mn":"ADBE Vector Graphic - Stroke","hd":false},{"ty":"tr","p":{"a":0,"k":[-191.918,-201.918],"ix":2},"a":{"a":0,"k":[0,0],"ix":1},"s":{"a":0,"k":[100,100],"ix":3},"r":{"a":0,"k":0,"ix":6},"o":{"a":0,"k":100,"ix":7},"sk":{"a":0,"k":0,"ix":4},"sa":{"a":0,"k":0,"ix":5},"nm":"Transform"}],"nm":"Ellipse 1","np":3,"cix":2,"bm":0,"ix":1,"mn":"ADBE Vector Group","hd":false}],"ip":87,"op":1885,"st":85,"bm":0},{"ddd":0,"ind":10,"ty":4,"nm":"R 2","parent":6,"sr":1,"ks":{"o":{"a":0,"k":100,"ix":11},"r":{"a":0,"k":-34.045,"ix":10},"p":{"a":1,"k":[{"i":{"x":0.222,"y":1},"o":{"x":0.079,"y":1},"t":87,"s":[41.713,-46.981,0],"to":[5.784,-71.173,0],"ti":[-41.223,-46.415,0]},{"t":135,"s":[185.608,-94.013,0]}],"ix":2},"a":{"a":0,"k":[-191.918,-201.918,0],"ix":1},"s":{"a":0,"k":[107.273,107.273,100],"ix":6}},"ao":0,"shapes":[{"ty":"gr","it":[{"d":1,"ty":"el","s":{"a":1,"k":[{"i":{"x":[0.833,0.833],"y":[1,1]},"o":{"x":[0.167,0.167],"y":[0.167,0.167]},"t":90,"s":[20,20]},{"t":133,"s":[0,0]}],"ix":2},"p":{"a":0,"k":[0,0],"ix":3},"nm":"Ellipse Path 1","mn":"ADBE Vector Shape - Ellipse","hd":false},{"ty":"st","c":{"a":0,"k":[1,0.796078491211,0.129411764706,1],"ix":3},"o":{"a":0,"k":100,"ix":4},"w":{"a":1,"k":[{"i":{"x":[0.833],"y":[0.833]},"o":{"x":[0.167],"y":[0.167]},"t":90,"s":[20]},{"t":133,"s":[0]}],"ix":5},"lc":1,"lj":1,"ml":4,"bm":0,"nm":"Stroke 1","mn":"ADBE Vector Graphic - Stroke","hd":false},{"ty":"tr","p":{"a":0,"k":[-191.918,-201.918],"ix":2},"a":{"a":0,"k":[0,0],"ix":1},"s":{"a":0,"k":[100,100],"ix":3},"r":{"a":0,"k":0,"ix":6},"o":{"a":0,"k":100,"ix":7},"sk":{"a":0,"k":0,"ix":4},"sa":{"a":0,"k":0,"ix":5},"nm":"Transform"}],"nm":"Ellipse 1","np":3,"cix":2,"bm":0,"ix":1,"mn":"ADBE Vector Group","hd":false}],"ip":87,"op":1885,"st":85,"bm":0},{"ddd":0,"ind":12,"ty":3,"nm":"CenterDot","parent":14,"sr":1,"ks":{"o":{"a":0,"k":100,"ix":11},"r":{"a":0,"k":-0.1,"ix":10},"p":{"a":0,"k":[-0.271,-70.728,0],"ix":2},"a":{"a":0,"k":[0,0,0],"ix":1},"s":{"a":1,"k":[{"i":{"x":[0.39,0.39,0.39],"y":[1.007,1.007,0.993]},"o":{"x":[0.554,0.554,0.554],"y":[0,0,0]},"t":0,"s":[0,0,100]},{"i":{"x":[0.12,0.12,0.12],"y":[1,1,1]},"o":{"x":[0.046,0.046,0.046],"y":[0.293,0.293,-0.293]},"t":26,"s":[33,33,100]},{"i":{"x":[0.791,0.791,0.791],"y":[1,1,1]},"o":{"x":[0.167,0.167,0.167],"y":[0,0,0]},"t":58,"s":[100,100,100]},{"i":{"x":[0.622,0.622,0.622],"y":[0.762,0.762,1.104]},"o":{"x":[0.195,0.195,0.195],"y":[0,0,0]},"t":71,"s":[100,100,100]},{"i":{"x":[0.546,0.546,0.546],"y":[1,1,1]},"o":{"x":[0.231,0.231,0.231],"y":[-0.145,-0.145,-0.063]},"t":131,"s":[104.365,104.365,100]},{"i":{"x":[0.622,0.622,0.622],"y":[0.762,0.762,1.104]},"o":{"x":[0.167,0.167,0.167],"y":[0,0,0]},"t":191,"s":[100,100,100]},{"t":251,"s":[104.365,104.365,100]}],"ix":6}},"ao":0,"ip":0,"op":66,"st":0,"bm":0},{"ddd":0,"ind":14,"ty":3,"nm":"Locator","parent":1,"sr":1,"ks":{"o":{"a":0,"k":100,"ix":11},"r":{"a":1,"k":[{"i":{"x":[0.687],"y":[1.072]},"o":{"x":[0.084],"y":[0.796]},"t":0,"s":[-61.91]},{"i":{"x":[0.783],"y":[1.13]},"o":{"x":[0.128],"y":[0.593]},"t":29,"s":[17.265]},{"i":{"x":[0.688],"y":[1]},"o":{"x":[0.063],"y":[0.145]},"t":55,"s":[-4.635]},{"i":{"x":[0.688],"y":[1]},"o":{"x":[0.167],"y":[0]},"t":66,"s":[0]},{"t":76,"s":[0]}],"ix":10},"p":{"s":true,"x":{"a":0,"k":0,"ix":3},"y":{"a":1,"k":[{"i":{"x":[0.362],"y":[0.964]},"o":{"x":[0.167],"y":[0.167]},"t":0,"s":[84.696]},{"i":{"x":[0.717],"y":[0.772]},"o":{"x":[0.312],"y":[0.844]},"t":9,"s":[24.733]},{"i":{"x":[0.957],"y":[0.955]},"o":{"x":[0.56],"y":[-0.008]},"t":20,"s":[23.225]},{"i":{"x":[0.667],"y":[1]},"o":{"x":[0.121],"y":[0.135]},"t":28,"s":[84.696]},{"i":{"x":[0.667],"y":[1]},"o":{"x":[0.473],"y":[-0.023]},"t":40,"s":[64.119]},{"t":56,"s":[84.696]}],"ix":4}},"a":{"a":0,"k":[0,84.696,0],"ix":1},"s":{"a":1,"k":[{"i":{"x":[0.44,0.44,0.12],"y":[0.912,0.912,1]},"o":{"x":[0.056,0.056,0.66],"y":[0.059,0.059,0]},"t":0,"s":[0,0,100]},{"t":16,"s":[100,100,100]}],"ix":6}},"ao":0,"ip":0,"op":87,"st":0,"bm":0},{"ddd":0,"ind":15,"ty":4,"nm":"SDW","parent":1,"sr":1,"ks":{"o":{"a":0,"k":100,"ix":11},"r":{"a":0,"k":0,"ix":10},"p":{"a":0,"k":[0,85.75,0],"ix":2},"a":{"a":0,"k":[-5.102,190.73,0],"ix":1},"s":{"a":1,"k":[{"i":{"x":[0.64,0.64,0.422],"y":[1,1,-90.582]},"o":{"x":[0.62,0.62,0.331],"y":[0,0,34.661]},"t":74,"s":[0,0,100]},{"i":{"x":[0.467,0.467,0.467],"y":[1,1,1]},"o":{"x":[0.068,0.068,0.177],"y":[0.751,0.751,19.06]},"t":96,"s":[58.744,58.744,100]},{"t":111,"s":[100,100,100]}],"ix":6}},"ao":0,"shapes":[{"ty":"gr","it":[{"d":1,"ty":"el","s":{"a":0,"k":[100,15],"ix":2},"p":{"a":0,"k":[0,0],"ix":3},"nm":"Ellipse Path 1","mn":"ADBE Vector Shape - Ellipse","hd":false},{"ty":"fl","c":{"a":0,"k":[0.933363970588,0.933363970588,0.933363970588,1],"ix":4},"o":{"a":0,"k":100,"ix":5},"r":1,"bm":0,"nm":"Fill 1","mn":"ADBE Vector Graphic - Fill","hd":false},{"ty":"tr","p":{"a":0,"k":[-5.102,190.73],"ix":2},"a":{"a":0,"k":[0,0],"ix":1},"s":{"a":0,"k":[100,100],"ix":3},"r":{"a":0,"k":0,"ix":6},"o":{"a":0,"k":100,"ix":7},"sk":{"a":0,"k":0,"ix":4},"sa":{"a":0,"k":0,"ix":5},"nm":"Transform"}],"nm":"Ellipse 1","np":3,"cix":2,"bm":0,"ix":1,"mn":"ADBE Vector Group","hd":false}],"ip":87,"op":1800,"st":0,"bm":0},{"ddd":0,"ind":16,"ty":1,"nm":"White Solid 1","sr":1,"ks":{"o":{"a":0,"k":100,"ix":11},"r":{"a":0,"k":0,"ix":10},"p":{"a":0,"k":[300,300,0],"ix":2},"a":{"a":0,"k":[300,300,0],"ix":1},"s":{"a":0,"k":[100,100,100],"ix":6}},"ao":0,"sw":600,"sh":600,"sc":"#ffffff","ip":0,"op":1800,"st":0,"bm":0}],"markers":[{"tm":150,"cm":"","dr":0}]}