{"v":"4.8.0","meta":{"g":"LottieFiles AE 1.0.0","a":"","k":"","d":"","tc":"#FFFFFF"},"fr":60,"ip":0,"op":240,"w":600,"h":600,"nm":"Numpuz 2","ddd":0,"assets":[],"fonts":{"list":[{"fName":"OpenSansHebrew-Regular","fFamily":"Open Sans Hebrew","fStyle":"Regular","ascent":79.3250611051917}]},"layers":[{"ddd":0,"ind":1,"ty":5,"nm":"U","parent":17,"sr":1,"ks":{"o":{"a":0,"k":100,"ix":11},"r":{"a":0,"k":0,"ix":10},"p":{"a":0,"k":[0.308,0.76,0],"ix":2},"a":{"a":0,"k":[-0.324,-12.79,0],"ix":1},"s":{"a":0,"k":[100,100,100],"ix":6}},"ao":0,"t":{"d":{"k":[{"s":{"sz":[65,67],"ps":[-32.5,-33.5],"s":50,"f":"OpenSansHebrew-Regular","t":"U","j":2,"tr":0,"lh":60,"ls":0,"fc":[0,0,0]},"t":0}]},"p":{},"m":{"g":1,"a":{"a":0,"k":[0,0],"ix":2}},"a":[{"nm":"Animator 1","s":{"t":0,"xe":{"a":0,"k":0,"ix":7},"ne":{"a":0,"k":0,"ix":8},"a":{"a":0,"k":100,"ix":4},"b":1,"rn":0,"sh":1,"r":1},"a":{"fc":{"a":1,"k":[{"i":{"x":[0.833],"y":[0.833]},"o":{"x":[0.167],"y":[0.167]},"t":110,"s":[0,0,0,1]},{"t":120,"s":[0.11640381813,0,0.811764776707,1]}],"ix":12}}}]},"ip":0,"op":241,"st":0,"bm":0},{"ddd":0,"ind":2,"ty":5,"nm":"S","parent":16,"sr":1,"ks":{"o":{"a":0,"k":100,"ix":11},"r":{"a":0,"k":0,"ix":10},"p":{"a":0,"k":[2.682,2.753,0],"ix":2},"a":{"a":0,"k":[-0.227,-13.046,0],"ix":1},"s":{"a":0,"k":[100,100,100],"ix":6}},"ao":0,"t":{"d":{"k":[{"s":{"sz":[65,67],"ps":[-32.5,-33.5],"s":50,"f":"OpenSansHebrew-Regular","t":"S","j":2,"tr":0,"lh":60,"ls":0,"fc":[0,0,0]},"t":0}]},"p":{},"m":{"g":1,"a":{"a":0,"k":[0,0],"ix":2}},"a":[]},"ip":0,"op":241,"st":0,"bm":0},{"ddd":0,"ind":3,"ty":5,"nm":"N","parent":9,"sr":1,"ks":{"o":{"a":0,"k":100,"ix":11},"r":{"a":0,"k":0,"ix":10},"p":{"a":0,"k":[-0.775,2.253,0],"ix":2},"a":{"a":0,"k":[-0.324,-13.034,0],"ix":1},"s":{"a":0,"k":[100,100,100],"ix":6}},"ao":0,"t":{"d":{"k":[{"s":{"sz":[65,67],"ps":[-32.5,-33.5],"s":50,"f":"OpenSansHebrew-Regular","t":"N","j":2,"tr":0,"lh":60,"ls":0,"fc":[0,0,0]},"t":0}]},"p":{},"m":{"g":1,"a":{"a":0,"k":[0,0],"ix":2}},"a":[]},"ip":0,"op":241,"st":0,"bm":0},{"ddd":0,"ind":4,"ty":5,"nm":"G","parent":12,"sr":1,"ks":{"o":{"a":0,"k":100,"ix":11},"r":{"a":0,"k":0,"ix":10},"p":{"a":0,"k":[-1.28,2.875,0],"ix":2},"a":{"a":0,"k":[-0.63,-13.046,0],"ix":1},"s":{"a":0,"k":[100,100,100],"ix":6}},"ao":0,"t":{"d":{"k":[{"s":{"sz":[65,67],"ps":[-32.5,-33.5],"s":50,"f":"OpenSansHebrew-Regular","t":"G","j":2,"tr":0,"lh":60,"ls":0,"fc":[0,0,0]},"t":0}]},"p":{},"m":{"g":1,"a":{"a":0,"k":[0,0],"ix":2}},"a":[]},"ip":0,"op":241,"st":0,"bm":0},{"ddd":0,"ind":5,"ty":5,"nm":"E","parent":15,"sr":1,"ks":{"o":{"a":0,"k":100,"ix":11},"r":{"a":0,"k":0,"ix":10},"p":{"a":0,"k":[3.964,2.375,0],"ix":2},"a":{"a":0,"k":[0.628,-13.034,0],"ix":1},"s":{"a":0,"k":[100,100,100],"ix":6}},"ao":0,"t":{"d":{"k":[{"s":{"sz":[65,67],"ps":[-32.5,-33.5],"s":50,"f":"OpenSansHebrew-Regular","t":"E","j":2,"tr":0,"lh":60,"ls":0,"fc":[0,0,0]},"t":0}]},"p":{},"m":{"g":1,"a":{"a":0,"k":[0,0],"ix":2}},"a":[]},"ip":0,"op":241,"st":0,"bm":0},{"ddd":0,"ind":6,"ty":5,"nm":"I 2","parent":10,"sr":1,"ks":{"o":{"a":0,"k":100,"ix":11},"r":{"a":0,"k":0,"ix":10},"p":{"a":0,"k":[0.528,14.55,0],"ix":2},"a":{"a":0,"k":[0,0,0],"ix":1},"s":{"a":0,"k":[100,100,100],"ix":6}},"ao":0,"t":{"d":{"k":[{"s":{"sz":[65,67],"ps":[-32.5,-33.5],"s":50,"f":"OpenSansHebrew-Regular","t":"I","j":2,"tr":0,"lh":60,"ls":0,"fc":[0,0,0]},"t":0}]},"p":{},"m":{"g":1,"a":{"a":0,"k":[0,0],"ix":2}},"a":[]},"ip":0,"op":241,"st":0,"bm":0},{"ddd":0,"ind":7,"ty":5,"nm":"I","parent":13,"sr":1,"ks":{"o":{"a":0,"k":100,"ix":11},"r":{"a":0,"k":0,"ix":10},"p":{"a":0,"k":[-0.785,0.753,0],"ix":2},"a":{"a":0,"k":[-0.312,-13.034,0],"ix":1},"s":{"a":0,"k":[100,100,100],"ix":6}},"ao":0,"t":{"d":{"k":[{"s":{"sz":[65,67],"ps":[-32.5,-33.5],"s":50,"f":"OpenSansHebrew-Regular","t":"I","j":2,"tr":0,"lh":60,"ls":0,"fc":[0,0,0]},"t":0}]},"p":{},"m":{"g":1,"a":{"a":0,"k":[0,0],"ix":2}},"a":[{"nm":"Animator 1","s":{"t":0,"xe":{"a":0,"k":0,"ix":7},"ne":{"a":0,"k":0,"ix":8},"a":{"a":0,"k":100,"ix":4},"b":1,"rn":0,"sh":1,"r":1},"a":{"fc":{"a":1,"k":[{"i":{"x":[0.833],"y":[0.833]},"o":{"x":[0.167],"y":[0.167]},"t":110,"s":[0,0,0,1]},{"t":120,"s":[0.117647066712,0,0.811764776707,1]}],"ix":12}}}]},"ip":0,"op":241,"st":0,"bm":0},{"ddd":0,"ind":8,"ty":5,"nm":"D","parent":14,"sr":1,"ks":{"o":{"a":0,"k":100,"ix":11},"r":{"a":0,"k":0,"ix":10},"p":{"a":0,"k":[0.131,0.866,0],"ix":2},"a":{"a":0,"k":[0.603,-13.034,0],"ix":1},"s":{"a":0,"k":[100,100,100],"ix":6}},"ao":0,"t":{"d":{"k":[{"s":{"sz":[65,67],"ps":[-32.5,-33.5],"s":50,"f":"OpenSansHebrew-Regular","t":"D","j":2,"tr":0,"lh":60,"ls":0,"fc":[0,0,0]},"t":0}]},"p":{},"m":{"g":1,"a":{"a":0,"k":[0,0],"ix":2}},"a":[]},"ip":0,"op":241,"st":0,"bm":0},{"ddd":0,"ind":9,"ty":4,"nm":"Rectangle 11","sr":1,"ks":{"o":{"a":0,"k":100,"ix":11},"r":{"a":0,"k":0,"ix":10},"p":{"a":1,"k":[{"i":{"x":0.833,"y":0.833},"o":{"x":0.167,"y":0.167},"t":20,"s":[406.2,299.4,0],"to":[0,17.8,0],"ti":[0,-17.8,0]},{"i":{"x":0.833,"y":0.833},"o":{"x":0.167,"y":0.167},"t":30,"s":[406.2,406.2,0],"to":[0,0,0],"ti":[0,0,0]},{"i":{"x":0.833,"y":0.833},"o":{"x":0.167,"y":0.167},"t":90,"s":[406.2,406.2,0],"to":[-17.8,0,0],"ti":[17.8,0,0]},{"t":100,"s":[299.4,406.2,0]}],"ix":2},"a":{"a":0,"k":[0,0,0],"ix":1},"s":{"a":0,"k":[100,100,100],"ix":6}},"ao":0,"shapes":[{"ty":"gr","it":[{"ty":"rc","d":1,"s":{"a":0,"k":[87,87],"ix":2},"p":{"a":0,"k":[0,0],"ix":3},"r":{"a":0,"k":2,"ix":4},"nm":"Rectangle Path 1","mn":"ADBE Vector Shape - Rect","hd":false},{"ty":"fl","c":{"a":0,"k":[0.864594882142,0.848857505649,0.848857505649,1],"ix":4},"o":{"a":0,"k":100,"ix":5},"r":1,"bm":0,"nm":"Fill 1","mn":"ADBE Vector Graphic - Fill","hd":false},{"ty":"tr","p":{"a":0,"k":[0,0],"ix":2},"a":{"a":0,"k":[0,0],"ix":1},"s":{"a":0,"k":[106,106],"ix":3},"r":{"a":0,"k":0,"ix":6},"o":{"a":0,"k":100,"ix":7},"sk":{"a":0,"k":0,"ix":4},"sa":{"a":0,"k":0,"ix":5},"nm":"Transform"}],"nm":"Rectangle 12","np":2,"cix":2,"bm":0,"ix":1,"mn":"ADBE Vector Group","hd":false},{"ty":"gr","it":[{"ty":"rc","d":1,"s":{"a":0,"k":[87,87],"ix":2},"p":{"a":0,"k":[0,0],"ix":3},"r":{"a":0,"k":2,"ix":4},"nm":"Rectangle Path 1","mn":"ADBE Vector Shape - Rect","hd":false},{"ty":"gf","o":{"a":0,"k":41,"ix":10},"r":1,"bm":0,"g":{"p":5,"k":{"a":0,"k":[0,0.498,0.498,0.498,0.416,0.74,0.703,0.703,0.5,0.982,0.908,0.908,0.637,0.642,0.605,0.605,1,0.302,0.302,0.302],"ix":9}},"s":{"a":0,"k":[20,0],"ix":5},"e":{"a":0,"k":[0,20],"ix":6},"t":1,"nm":"Gradient Fill 1","mn":"ADBE Vector Graphic - G-Fill","hd":false},{"ty":"tr","p":{"a":0,"k":[0,0],"ix":2},"a":{"a":0,"k":[0,0],"ix":1},"s":{"a":0,"k":[120,120],"ix":3},"r":{"a":0,"k":0,"ix":6},"o":{"a":0,"k":100,"ix":7},"sk":{"a":0,"k":0,"ix":4},"sa":{"a":0,"k":0,"ix":5},"nm":"Transform"}],"nm":"Rectangle 11","np":2,"cix":2,"bm":0,"ix":2,"mn":"ADBE Vector Group","hd":false}],"ip":0,"op":241,"st":0,"bm":0},{"ddd":0,"ind":10,"ty":4,"nm":"Rectangle 8","sr":1,"ks":{"o":{"a":0,"k":100,"ix":11},"r":{"a":0,"k":0,"ix":10},"p":{"a":1,"k":[{"i":{"x":0.833,"y":0.833},"o":{"x":0.167,"y":0.167},"t":30,"s":[406.2,192.6,0],"to":[0,17.8,0],"ti":[0,-17.8,0]},{"t":40,"s":[406.2,299.4,0]}],"ix":2},"a":{"a":0,"k":[0,0,0],"ix":1},"s":{"a":0,"k":[100,100,100],"ix":6}},"ao":0,"shapes":[{"ty":"gr","it":[{"ty":"rc","d":1,"s":{"a":0,"k":[87,87],"ix":2},"p":{"a":0,"k":[0,0],"ix":3},"r":{"a":0,"k":2,"ix":4},"nm":"Rectangle Path 1","mn":"ADBE Vector Shape - Rect","hd":false},{"ty":"fl","c":{"a":0,"k":[0.864594882142,0.848857505649,0.848857505649,1],"ix":4},"o":{"a":0,"k":100,"ix":5},"r":1,"bm":0,"nm":"Fill 1","mn":"ADBE Vector Graphic - Fill","hd":false},{"ty":"tr","p":{"a":0,"k":[0,0],"ix":2},"a":{"a":0,"k":[0,0],"ix":1},"s":{"a":0,"k":[106,106],"ix":3},"r":{"a":0,"k":0,"ix":6},"o":{"a":0,"k":100,"ix":7},"sk":{"a":0,"k":0,"ix":4},"sa":{"a":0,"k":0,"ix":5},"nm":"Transform"}],"nm":"Rectangle 12","np":2,"cix":2,"bm":0,"ix":1,"mn":"ADBE Vector Group","hd":false},{"ty":"gr","it":[{"ty":"rc","d":1,"s":{"a":0,"k":[87,87],"ix":2},"p":{"a":0,"k":[0,0],"ix":3},"r":{"a":0,"k":2,"ix":4},"nm":"Rectangle Path 1","mn":"ADBE Vector Shape - Rect","hd":false},{"ty":"gf","o":{"a":0,"k":41,"ix":10},"r":1,"bm":0,"g":{"p":5,"k":{"a":0,"k":[0,0.498,0.498,0.498,0.416,0.74,0.703,0.703,0.5,0.982,0.908,0.908,0.637,0.642,0.605,0.605,1,0.302,0.302,0.302],"ix":9}},"s":{"a":0,"k":[20,0],"ix":5},"e":{"a":0,"k":[0,20],"ix":6},"t":1,"nm":"Gradient Fill 1","mn":"ADBE Vector Graphic - G-Fill","hd":false},{"ty":"tr","p":{"a":0,"k":[0,0],"ix":2},"a":{"a":0,"k":[0,0],"ix":1},"s":{"a":0,"k":[120,120],"ix":3},"r":{"a":0,"k":0,"ix":6},"o":{"a":0,"k":100,"ix":7},"sk":{"a":0,"k":0,"ix":4},"sa":{"a":0,"k":0,"ix":5},"nm":"Transform"}],"nm":"Rectangle 13","np":2,"cix":2,"bm":0,"ix":2,"mn":"ADBE Vector Group","hd":false}],"ip":0,"op":241,"st":0,"bm":0},{"ddd":0,"ind":12,"ty":4,"nm":"Rectangle 10","sr":1,"ks":{"o":{"a":0,"k":100,"ix":11},"r":{"a":0,"k":0,"ix":10},"p":{"a":1,"k":[{"i":{"x":0.833,"y":0.833},"o":{"x":0.167,"y":0.167},"t":80,"s":[299.4,406.2,0],"to":[-17.8,0,0],"ti":[17.8,0,0]},{"t":90,"s":[192.6,406.2,0]}],"ix":2},"a":{"a":0,"k":[0,0,0],"ix":1},"s":{"a":0,"k":[100,100,100],"ix":6}},"ao":0,"shapes":[{"ty":"gr","it":[{"ty":"rc","d":1,"s":{"a":0,"k":[87,87],"ix":2},"p":{"a":0,"k":[0,0],"ix":3},"r":{"a":0,"k":2,"ix":4},"nm":"Rectangle Path 1","mn":"ADBE Vector Shape - Rect","hd":false},{"ty":"fl","c":{"a":0,"k":[0.864594882142,0.848857505649,0.848857505649,1],"ix":4},"o":{"a":0,"k":100,"ix":5},"r":1,"bm":0,"nm":"Fill 1","mn":"ADBE Vector Graphic - Fill","hd":false},{"ty":"tr","p":{"a":0,"k":[0,0],"ix":2},"a":{"a":0,"k":[0,0],"ix":1},"s":{"a":0,"k":[106,106],"ix":3},"r":{"a":0,"k":0,"ix":6},"o":{"a":0,"k":100,"ix":7},"sk":{"a":0,"k":0,"ix":4},"sa":{"a":0,"k":0,"ix":5},"nm":"Transform"}],"nm":"Rectangle 12","np":2,"cix":2,"bm":0,"ix":1,"mn":"ADBE Vector Group","hd":false},{"ty":"gr","it":[{"ty":"rc","d":1,"s":{"a":0,"k":[87,87],"ix":2},"p":{"a":0,"k":[0,0],"ix":3},"r":{"a":0,"k":2,"ix":4},"nm":"Rectangle Path 1","mn":"ADBE Vector Shape - Rect","hd":false},{"ty":"gf","o":{"a":0,"k":41,"ix":10},"r":1,"bm":0,"g":{"p":5,"k":{"a":0,"k":[0,0.498,0.498,0.498,0.416,0.74,0.703,0.703,0.5,0.982,0.908,0.908,0.637,0.642,0.605,0.605,1,0.302,0.302,0.302],"ix":9}},"s":{"a":0,"k":[20,0],"ix":5},"e":{"a":0,"k":[0,20],"ix":6},"t":1,"nm":"Gradient Fill 1","mn":"ADBE Vector Graphic - G-Fill","hd":false},{"ty":"tr","p":{"a":0,"k":[0,0],"ix":2},"a":{"a":0,"k":[0,0],"ix":1},"s":{"a":0,"k":[120,120],"ix":3},"r":{"a":0,"k":0,"ix":6},"o":{"a":0,"k":100,"ix":7},"sk":{"a":0,"k":0,"ix":4},"sa":{"a":0,"k":0,"ix":5},"nm":"Transform"}],"nm":"Rectangle 11","np":2,"cix":2,"bm":0,"ix":2,"mn":"ADBE Vector Group","hd":false}],"ip":0,"op":241,"st":0,"bm":0},{"ddd":0,"ind":13,"ty":4,"nm":"Rectangle 7","sr":1,"ks":{"o":{"a":0,"k":100,"ix":11},"r":{"a":0,"k":0,"ix":10},"p":{"a":1,"k":[{"i":{"x":0.833,"y":0.833},"o":{"x":0.167,"y":0.167},"t":50,"s":[299.4,299.4,0],"to":[0,-17.8,0],"ti":[0,17.8,0]},{"t":60,"s":[299.4,192.6,0]}],"ix":2},"a":{"a":0,"k":[0,0,0],"ix":1},"s":{"a":0,"k":[100,100,100],"ix":6}},"ao":0,"shapes":[{"ty":"gr","it":[{"ty":"rc","d":1,"s":{"a":0,"k":[87,87],"ix":2},"p":{"a":0,"k":[0,0],"ix":3},"r":{"a":0,"k":2,"ix":4},"nm":"Rectangle Path 1","mn":"ADBE Vector Shape - Rect","hd":false},{"ty":"fl","c":{"a":0,"k":[0.864594882142,0.848857505649,0.848857505649,1],"ix":4},"o":{"a":0,"k":100,"ix":5},"r":1,"bm":0,"nm":"Fill 1","mn":"ADBE Vector Graphic - Fill","hd":false},{"ty":"tr","p":{"a":0,"k":[0,0],"ix":2},"a":{"a":0,"k":[0,0],"ix":1},"s":{"a":0,"k":[106,106],"ix":3},"r":{"a":0,"k":0,"ix":6},"o":{"a":0,"k":100,"ix":7},"sk":{"a":0,"k":0,"ix":4},"sa":{"a":0,"k":0,"ix":5},"nm":"Transform"}],"nm":"Rectangle 12","np":2,"cix":2,"bm":0,"ix":1,"mn":"ADBE Vector Group","hd":false},{"ty":"gr","it":[{"ty":"rc","d":1,"s":{"a":0,"k":[87,87],"ix":2},"p":{"a":0,"k":[0,0],"ix":3},"r":{"a":0,"k":2,"ix":4},"nm":"Rectangle Path 1","mn":"ADBE Vector Shape - Rect","hd":false},{"ty":"gf","o":{"a":0,"k":41,"ix":10},"r":1,"bm":0,"g":{"p":5,"k":{"a":0,"k":[0,0.498,0.498,0.498,0.416,0.74,0.703,0.703,0.5,0.982,0.908,0.908,0.637,0.642,0.605,0.605,1,0.302,0.302,0.302],"ix":9}},"s":{"a":0,"k":[20,0],"ix":5},"e":{"a":0,"k":[0,20],"ix":6},"t":1,"nm":"Gradient Fill 1","mn":"ADBE Vector Graphic - G-Fill","hd":false},{"ty":"tr","p":{"a":0,"k":[0,0],"ix":2},"a":{"a":0,"k":[0,0],"ix":1},"s":{"a":0,"k":[120,120],"ix":3},"r":{"a":0,"k":0,"ix":6},"o":{"a":0,"k":100,"ix":7},"sk":{"a":0,"k":0,"ix":4},"sa":{"a":0,"k":0,"ix":5},"nm":"Transform"}],"nm":"Rectangle 11","np":2,"cix":2,"bm":0,"ix":2,"mn":"ADBE Vector Group","hd":false}],"ip":0,"op":241,"st":0,"bm":0},{"ddd":0,"ind":14,"ty":4,"nm":"Rectangle 4","sr":1,"ks":{"o":{"a":0,"k":100,"ix":11},"r":{"a":0,"k":0,"ix":10},"p":{"a":1,"k":[{"i":{"x":0.833,"y":0.833},"o":{"x":0.167,"y":0.167},"t":40,"s":[299.4,192.6,0],"to":[17.8,0,0],"ti":[-17.8,0,0]},{"t":50,"s":[406.2,192.6,0]}],"ix":2},"a":{"a":0,"k":[0,0,0],"ix":1},"s":{"a":0,"k":[100,100,100],"ix":6}},"ao":0,"shapes":[{"ty":"gr","it":[{"ty":"rc","d":1,"s":{"a":0,"k":[87,87],"ix":2},"p":{"a":0,"k":[0,0],"ix":3},"r":{"a":0,"k":2,"ix":4},"nm":"Rectangle Path 1","mn":"ADBE Vector Shape - Rect","hd":false},{"ty":"fl","c":{"a":0,"k":[0.864594882142,0.848857505649,0.848857505649,1],"ix":4},"o":{"a":0,"k":100,"ix":5},"r":1,"bm":0,"nm":"Fill 1","mn":"ADBE Vector Graphic - Fill","hd":false},{"ty":"tr","p":{"a":0,"k":[0,0],"ix":2},"a":{"a":0,"k":[0,0],"ix":1},"s":{"a":0,"k":[106,106],"ix":3},"r":{"a":0,"k":0,"ix":6},"o":{"a":0,"k":100,"ix":7},"sk":{"a":0,"k":0,"ix":4},"sa":{"a":0,"k":0,"ix":5},"nm":"Transform"}],"nm":"Rectangle 12","np":2,"cix":2,"bm":0,"ix":1,"mn":"ADBE Vector Group","hd":false},{"ty":"gr","it":[{"ty":"rc","d":1,"s":{"a":0,"k":[87,87],"ix":2},"p":{"a":0,"k":[0,0],"ix":3},"r":{"a":0,"k":2,"ix":4},"nm":"Rectangle Path 1","mn":"ADBE Vector Shape - Rect","hd":false},{"ty":"gf","o":{"a":0,"k":41,"ix":10},"r":1,"bm":0,"g":{"p":5,"k":{"a":0,"k":[0,0.498,0.498,0.498,0.416,0.74,0.703,0.703,0.5,0.982,0.908,0.908,0.637,0.642,0.605,0.605,1,0.302,0.302,0.302],"ix":9}},"s":{"a":0,"k":[20,0],"ix":5},"e":{"a":0,"k":[0,20],"ix":6},"t":1,"nm":"Gradient Fill 1","mn":"ADBE Vector Graphic - G-Fill","hd":false},{"ty":"tr","p":{"a":0,"k":[0,0],"ix":2},"a":{"a":0,"k":[0,0],"ix":1},"s":{"a":0,"k":[120,120],"ix":3},"r":{"a":0,"k":0,"ix":6},"o":{"a":0,"k":100,"ix":7},"sk":{"a":0,"k":0,"ix":4},"sa":{"a":0,"k":0,"ix":5},"nm":"Transform"}],"nm":"Rectangle 11","np":2,"cix":2,"bm":0,"ix":2,"mn":"ADBE Vector Group","hd":false}],"ip":0,"op":241,"st":0,"bm":0},{"ddd":0,"ind":15,"ty":4,"nm":"Rectangle 9","sr":1,"ks":{"o":{"a":0,"k":100,"ix":11},"r":{"a":0,"k":0,"ix":10},"p":{"a":1,"k":[{"i":{"x":0.833,"y":0.833},"o":{"x":0.167,"y":0.167},"t":70,"s":[192.6,406.2,0],"to":[0,-17.8,0],"ti":[0,17.8,0]},{"t":80,"s":[192.6,299.4,0]}],"ix":2},"a":{"a":0,"k":[0,0,0],"ix":1},"s":{"a":0,"k":[100,100,100],"ix":6}},"ao":0,"shapes":[{"ty":"gr","it":[{"ty":"rc","d":1,"s":{"a":0,"k":[87,87],"ix":2},"p":{"a":0,"k":[0,0],"ix":3},"r":{"a":0,"k":2,"ix":4},"nm":"Rectangle Path 1","mn":"ADBE Vector Shape - Rect","hd":false},{"ty":"fl","c":{"a":0,"k":[0.864594882142,0.848857505649,0.848857505649,1],"ix":4},"o":{"a":0,"k":100,"ix":5},"r":1,"bm":0,"nm":"Fill 1","mn":"ADBE Vector Graphic - Fill","hd":false},{"ty":"tr","p":{"a":0,"k":[0,0],"ix":2},"a":{"a":0,"k":[0,0],"ix":1},"s":{"a":0,"k":[106,106],"ix":3},"r":{"a":0,"k":0,"ix":6},"o":{"a":0,"k":100,"ix":7},"sk":{"a":0,"k":0,"ix":4},"sa":{"a":0,"k":0,"ix":5},"nm":"Transform"}],"nm":"Rectangle 12","np":2,"cix":2,"bm":0,"ix":1,"mn":"ADBE Vector Group","hd":false},{"ty":"gr","it":[{"ty":"rc","d":1,"s":{"a":0,"k":[87,87],"ix":2},"p":{"a":0,"k":[0,0],"ix":3},"r":{"a":0,"k":2,"ix":4},"nm":"Rectangle Path 1","mn":"ADBE Vector Shape - Rect","hd":false},{"ty":"gf","o":{"a":0,"k":41,"ix":10},"r":1,"bm":0,"g":{"p":5,"k":{"a":0,"k":[0,0.498,0.498,0.498,0.416,0.74,0.703,0.703,0.5,0.982,0.908,0.908,0.637,0.642,0.605,0.605,1,0.302,0.302,0.302],"ix":9}},"s":{"a":0,"k":[20,0],"ix":5},"e":{"a":0,"k":[0,20],"ix":6},"t":1,"nm":"Gradient Fill 1","mn":"ADBE Vector Graphic - G-Fill","hd":false},{"ty":"tr","p":{"a":0,"k":[0,0],"ix":2},"a":{"a":0,"k":[0,0],"ix":1},"s":{"a":0,"k":[120,120],"ix":3},"r":{"a":0,"k":0,"ix":6},"o":{"a":0,"k":100,"ix":7},"sk":{"a":0,"k":0,"ix":4},"sa":{"a":0,"k":0,"ix":5},"nm":"Transform"}],"nm":"Rectangle 11","np":2,"cix":2,"bm":0,"ix":2,"mn":"ADBE Vector Group","hd":false}],"ip":0,"op":241,"st":0,"bm":0},{"ddd":0,"ind":16,"ty":4,"nm":"Rectangle 6","sr":1,"ks":{"o":{"a":0,"k":100,"ix":11},"r":{"a":0,"k":0,"ix":10},"p":{"a":1,"k":[{"i":{"x":0.833,"y":0.833},"o":{"x":0.167,"y":0.167},"t":60,"s":[192.6,299.4,0],"to":[17.8,0,0],"ti":[-17.8,0,0]},{"t":70,"s":[299.4,299.4,0]}],"ix":2},"a":{"a":0,"k":[0,0,0],"ix":1},"s":{"a":0,"k":[100,100,100],"ix":6}},"ao":0,"shapes":[{"ty":"gr","it":[{"ty":"rc","d":1,"s":{"a":0,"k":[87,87],"ix":2},"p":{"a":0,"k":[0,0],"ix":3},"r":{"a":0,"k":2,"ix":4},"nm":"Rectangle Path 1","mn":"ADBE Vector Shape - Rect","hd":false},{"ty":"fl","c":{"a":0,"k":[0.864594882142,0.848857505649,0.848857505649,1],"ix":4},"o":{"a":0,"k":100,"ix":5},"r":1,"bm":0,"nm":"Fill 1","mn":"ADBE Vector Graphic - Fill","hd":false},{"ty":"tr","p":{"a":0,"k":[0,0],"ix":2},"a":{"a":0,"k":[0,0],"ix":1},"s":{"a":0,"k":[106,106],"ix":3},"r":{"a":0,"k":0,"ix":6},"o":{"a":0,"k":100,"ix":7},"sk":{"a":0,"k":0,"ix":4},"sa":{"a":0,"k":0,"ix":5},"nm":"Transform"}],"nm":"Rectangle 12","np":2,"cix":2,"bm":0,"ix":1,"mn":"ADBE Vector Group","hd":false},{"ty":"gr","it":[{"ty":"rc","d":1,"s":{"a":0,"k":[87,87],"ix":2},"p":{"a":0,"k":[0,0],"ix":3},"r":{"a":0,"k":2,"ix":4},"nm":"Rectangle Path 1","mn":"ADBE Vector Shape - Rect","hd":false},{"ty":"gf","o":{"a":0,"k":41,"ix":10},"r":1,"bm":0,"g":{"p":5,"k":{"a":0,"k":[0,0.498,0.498,0.498,0.416,0.74,0.703,0.703,0.5,0.982,0.908,0.908,0.637,0.642,0.605,0.605,1,0.302,0.302,0.302],"ix":9}},"s":{"a":0,"k":[20,0],"ix":5},"e":{"a":0,"k":[0,20],"ix":6},"t":1,"nm":"Gradient Fill 1","mn":"ADBE Vector Graphic - G-Fill","hd":false},{"ty":"tr","p":{"a":0,"k":[0,0],"ix":2},"a":{"a":0,"k":[0,0],"ix":1},"s":{"a":0,"k":[120,120],"ix":3},"r":{"a":0,"k":0,"ix":6},"o":{"a":0,"k":100,"ix":7},"sk":{"a":0,"k":0,"ix":4},"sa":{"a":0,"k":0,"ix":5},"nm":"Transform"}],"nm":"Rectangle 11","np":2,"cix":2,"bm":0,"ix":2,"mn":"ADBE Vector Group","hd":false}],"ip":0,"op":241,"st":0,"bm":0},{"ddd":0,"ind":17,"ty":4,"nm":"Rectangle 3","sr":1,"ks":{"o":{"a":0,"k":100,"ix":11},"r":{"a":0,"k":0,"ix":10},"p":{"a":0,"k":[192.545,192.6,0],"ix":2},"a":{"a":0,"k":[0,0,0],"ix":1},"s":{"a":0,"k":[100,100,100],"ix":6}},"ao":0,"shapes":[{"ty":"gr","it":[{"ty":"rc","d":1,"s":{"a":0,"k":[87,87],"ix":2},"p":{"a":0,"k":[0,0],"ix":3},"r":{"a":0,"k":2,"ix":4},"nm":"Rectangle Path 1","mn":"ADBE Vector Shape - Rect","hd":false},{"ty":"fl","c":{"a":0,"k":[0.864594882142,0.848857505649,0.848857505649,1],"ix":4},"o":{"a":0,"k":100,"ix":5},"r":1,"bm":0,"nm":"Fill 1","mn":"ADBE Vector Graphic - Fill","hd":false},{"ty":"tr","p":{"a":0,"k":[0,0],"ix":2},"a":{"a":0,"k":[0,0],"ix":1},"s":{"a":0,"k":[106,106],"ix":3},"r":{"a":0,"k":0,"ix":6},"o":{"a":0,"k":100,"ix":7},"sk":{"a":0,"k":0,"ix":4},"sa":{"a":0,"k":0,"ix":5},"nm":"Transform"}],"nm":"Rectangle 12","np":2,"cix":2,"bm":0,"ix":1,"mn":"ADBE Vector Group","hd":false},{"ty":"gr","it":[{"ty":"rc","d":1,"s":{"a":0,"k":[87,87],"ix":2},"p":{"a":0,"k":[0,0],"ix":3},"r":{"a":0,"k":2,"ix":4},"nm":"Rectangle Path 1","mn":"ADBE Vector Shape - Rect","hd":false},{"ty":"gf","o":{"a":0,"k":41,"ix":10},"r":1,"bm":0,"g":{"p":5,"k":{"a":0,"k":[0,0.498,0.498,0.498,0.416,0.74,0.703,0.703,0.5,0.982,0.908,0.908,0.637,0.642,0.605,0.605,1,0.302,0.302,0.302],"ix":9}},"s":{"a":0,"k":[20,0],"ix":5},"e":{"a":0,"k":[0,20],"ix":6},"t":1,"nm":"Gradient Fill 1","mn":"ADBE Vector Graphic - G-Fill","hd":false},{"ty":"tr","p":{"a":0,"k":[0,0],"ix":2},"a":{"a":0,"k":[0,0],"ix":1},"s":{"a":0,"k":[120,120],"ix":3},"r":{"a":0,"k":0,"ix":6},"o":{"a":0,"k":100,"ix":7},"sk":{"a":0,"k":0,"ix":4},"sa":{"a":0,"k":0,"ix":5},"nm":"Transform"}],"nm":"Rectangle 11","np":2,"cix":2,"bm":0,"ix":2,"mn":"ADBE Vector Group","hd":false}],"ip":0,"op":241,"st":0,"bm":0},{"ddd":0,"ind":18,"ty":4,"nm":"Rectangle 2","sr":1,"ks":{"o":{"a":0,"k":100,"ix":11},"r":{"a":0,"k":0,"ix":10},"p":{"a":0,"k":[299.4,299.4,0],"ix":2},"a":{"a":0,"k":[0,0,0],"ix":1},"s":{"a":0,"k":[100,100,100],"ix":6}},"ao":0,"shapes":[{"ty":"gr","it":[{"ty":"rc","d":1,"s":{"a":0,"k":[269,269],"ix":2},"p":{"a":0,"k":[0,0],"ix":3},"r":{"a":0,"k":2,"ix":4},"nm":"Rectangle Path 1","mn":"ADBE Vector Shape - Rect","hd":false},{"ty":"fl","c":{"a":0,"k":[0.985349587833,0.985349587833,0.985349587833,1],"ix":4},"o":{"a":0,"k":100,"ix":5},"r":1,"bm":0,"nm":"Fill 1","mn":"ADBE Vector Graphic - Fill","hd":false},{"ty":"tr","p":{"a":0,"k":[0,0],"ix":2},"a":{"a":0,"k":[0,0],"ix":1},"s":{"a":0,"k":[120,120],"ix":3},"r":{"a":0,"k":0,"ix":6},"o":{"a":0,"k":100,"ix":7},"sk":{"a":0,"k":0,"ix":4},"sa":{"a":0,"k":0,"ix":5},"nm":"Transform"}],"nm":"Rectangle 2","np":2,"cix":2,"bm":0,"ix":1,"mn":"ADBE Vector Group","hd":false}],"ip":0,"op":241,"st":0,"bm":0},{"ddd":0,"ind":19,"ty":4,"nm":"Bg","sr":1,"ks":{"o":{"a":0,"k":100,"ix":11},"r":{"a":0,"k":0,"ix":10},"p":{"a":0,"k":[300,300,0],"ix":2},"a":{"a":0,"k":[0,0,0],"ix":1},"s":{"a":0,"k":[100,100,100],"ix":6}},"ao":0,"shapes":[{"ty":"gr","it":[{"ty":"rc","d":1,"s":{"a":0,"k":[300,300],"ix":2},"p":{"a":0,"k":[0,0],"ix":3},"r":{"a":0,"k":4,"ix":4},"nm":"Rectangle Path 1","mn":"ADBE Vector Shape - Rect","hd":false},{"ty":"gf","o":{"a":0,"k":100,"ix":10},"r":1,"bm":0,"g":{"p":5,"k":{"a":0,"k":[0.25,0.152,0,0.402,0.425,0.122,0.04,0.241,0.5,0.093,0.079,0.079,0.575,0.199,0.04,0.445,0.75,0.306,0,0.81],"ix":9}},"s":{"a":0,"k":[-20,0],"ix":5},"e":{"a":0,"k":[0,20],"ix":6},"t":1,"nm":"Gradient Fill 1","mn":"ADBE Vector Graphic - G-Fill","hd":false},{"ty":"tr","p":{"a":0,"k":[0,0],"ix":2},"a":{"a":0,"k":[0,0],"ix":1},"s":{"a":0,"k":[120,120],"ix":3},"r":{"a":0,"k":0,"ix":6},"o":{"a":0,"k":100,"ix":7},"sk":{"a":0,"k":0,"ix":4},"sa":{"a":0,"k":0,"ix":5},"nm":"Transform"}],"nm":"Rectangle 1","np":2,"cix":2,"bm":0,"ix":1,"mn":"ADBE Vector Group","hd":false}],"ip":0,"op":241,"st":0,"bm":0}],"markers":[],"chars":[{"ch":"D","size":50,"style":"Regular","w":72.9,"data":{"shapes":[{"ty":"gr","it":[{"ind":0,"ty":"sh","ix":1,"ks":{"a":0,"k":{"i":[[0,0],[0,0],[0,0],[-6.413,6.233],[0,11.784],[6.152,6.152],[11.101,0]],"o":[[0,0],[0,0],[11.98,0],[6.413,-6.233],[0,-11.035],[-6.152,-6.152],[0,0]],"v":[[9.814,-71.387],[9.814,0],[29.59,0],[57.178,-9.351],[66.797,-36.377],[57.568,-62.158],[31.689,-71.387]],"c":true},"ix":2},"nm":"D","mn":"ADBE Vector Shape - Group","hd":false},{"ind":1,"ty":"sh","ix":2,"ks":{"a":0,"k":{"i":[[0,0],[0,0],[-4.688,-4.72],[0,-9.424],[4.997,-4.866],[9.863,0],[0,0]],"o":[[0,0],[9.18,0],[4.688,4.72],[0,9.424],[-4.997,4.866],[0,0],[0,0]],"v":[[18.115,-64.209],[30.176,-64.209],[50.977,-57.129],[58.008,-35.913],[50.513,-14.478],[28.223,-7.178],[18.115,-7.178]],"c":true},"ix":2},"nm":"D","mn":"ADBE Vector Shape - Group","hd":false}],"nm":"D","np":5,"cix":2,"bm":0,"ix":1,"mn":"ADBE Vector Group","hd":false}]},"fFamily":"Open Sans Hebrew"},{"ch":"I","size":50,"style":"Regular","w":27.88,"data":{"shapes":[{"ty":"gr","it":[{"ind":0,"ty":"sh","ix":1,"ks":{"a":0,"k":{"i":[[0,0],[0,0],[0,0],[0,0]],"o":[[0,0],[0,0],[0,0],[0,0]],"v":[[18.115,0],[18.115,-71.387],[9.814,-71.387],[9.814,0]],"c":true},"ix":2},"nm":"I","mn":"ADBE Vector Shape - Group","hd":false}],"nm":"I","np":3,"cix":2,"bm":0,"ix":1,"mn":"ADBE Vector Group","hd":false}]},"fFamily":"Open Sans Hebrew"},{"ch":"E","size":50,"style":"Regular","w":55.62,"data":{"shapes":[{"ty":"gr","it":[{"ind":0,"ty":"sh","ix":1,"ks":{"a":0,"k":{"i":[[0,0],[0,0],[0,0],[0,0],[0,0],[0,0],[0,0],[0,0],[0,0],[0,0],[0,0],[0,0]],"o":[[0,0],[0,0],[0,0],[0,0],[0,0],[0,0],[0,0],[0,0],[0,0],[0,0],[0,0],[0,0]],"v":[[49.609,-64.014],[49.609,-71.387],[9.814,-71.387],[9.814,0],[49.609,0],[49.609,-7.422],[18.115,-7.422],[18.115,-33.691],[47.656,-33.691],[47.656,-41.016],[18.115,-41.016],[18.115,-64.014]],"c":true},"ix":2},"nm":"E","mn":"ADBE Vector Shape - Group","hd":false}],"nm":"E","np":3,"cix":2,"bm":0,"ix":1,"mn":"ADBE Vector Group","hd":false}]},"fFamily":"Open Sans Hebrew"},{"ch":"G","size":50,"style":"Regular","w":72.8,"data":{"shapes":[{"ty":"gr","it":[{"ind":0,"ty":"sh","ix":1,"ks":{"a":0,"k":{"i":[[-7.585,2.441],[0,0],[0,0],[0,0],[0,0],[0,0],[4.851,0],[4.704,4.98],[0,9.407],[-4.883,5.176],[-8.691,0],[-6.445,-2.734],[0,0],[7.536,0],[5.615,-2.946],[2.962,-5.566],[0,-7.454],[-6.023,-6.477],[-10.808,0]],"o":[[0,0],[0,0],[0,0],[0,0],[0,0],[-4.817,1.14],[-9.114,0],[-4.704,-4.98],[0,-9.407],[4.883,-5.176],[5.957,0],[0,0],[-6.641,-2.8],[-7.536,0],[-5.615,2.946],[-2.962,5.566],[0,11.555],[6.023,6.413],[9.148,0]],"v":[[65.479,-2.686],[65.479,-37.402],[41.211,-37.402],[41.211,-29.98],[57.178,-29.98],[57.178,-8.008],[42.676,-6.299],[21.948,-13.77],[14.893,-35.352],[22.217,-57.227],[42.578,-64.99],[61.182,-60.889],[64.404,-68.213],[43.14,-72.412],[23.413,-67.993],[10.547,-55.225],[6.104,-35.693],[15.137,-8.643],[40.381,0.977]],"c":true},"ix":2},"nm":"G","mn":"ADBE Vector Shape - Group","hd":false}],"nm":"G","np":3,"cix":2,"bm":0,"ix":1,"mn":"ADBE Vector Group","hd":false}]},"fFamily":"Open Sans Hebrew"},{"ch":"N","size":50,"style":"Regular","w":75.39,"data":{"shapes":[{"ty":"gr","it":[{"ind":0,"ty":"sh","ix":1,"ks":{"a":0,"k":{"i":[[0,0],[0,0],[0,0],[0,0],[0,0],[-0.163,-3.386],[0,0],[0,0],[0,0],[0,0],[0,0],[0,0],[0,0],[0.52,6.804],[0,0],[0,0]],"o":[[0,0],[0,0],[0,0],[0,0],[0,1.448],[0,0],[0,0],[0,0],[0,0],[0,0],[0,0],[0,0],[0,-6.087],[0,0],[0,0],[0,0]],"v":[[65.576,0],[65.576,-71.387],[57.813,-71.387],[57.813,-30.42],[57.813,-27.417],[58.057,-20.166],[58.496,-11.719],[58.105,-11.719],[19.189,-71.387],[9.814,-71.387],[9.814,0],[17.48,0],[17.48,-40.576],[16.699,-59.912],[17.09,-59.912],[56.104,0]],"c":true},"ix":2},"nm":"N","mn":"ADBE Vector Shape - Group","hd":false}],"nm":"N","np":3,"cix":2,"bm":0,"ix":1,"mn":"ADBE Vector Group","hd":false}]},"fFamily":"Open Sans Hebrew"},{"ch":"S","size":50,"style":"Regular","w":54.88,"data":{"shapes":[{"ty":"gr","it":[{"ind":0,"ty":"sh","ix":1,"ks":{"a":0,"k":{"i":[[5.469,0],[6.282,2.669],[0,0],[-8.171,0],[-4.558,3.516],[0,6.218],[2.783,3.059],[7.552,2.734],[2.1,1.286],[0.911,1.595],[0,2.441],[-2.473,1.888],[-4.395,0],[-5.859,-2.473],[0,0],[6.934,0],[4.134,-3.255],[0,-5.354],[-2.832,-3.255],[-6.673,-2.409],[-2.295,-1.318],[-0.993,-1.595],[0,-2.441],[2.832,-2.083]],"o":[[-6.934,0],[0,0],[4.492,2.18],[8.171,0],[4.558,-3.581],[0,-4.817],[-2.783,-3.059],[-4.59,-1.66],[-2.1,-1.286],[-0.911,-1.595],[0,-3.352],[2.473,-1.888],[5.598,0],[0,0],[-5.957,-2.605],[-6.934,0],[-4.134,3.255],[0,5.354],[2.832,3.255],[4.817,1.726],[2.295,1.318],[0.993,1.595],[0,3.777],[-2.832,2.083]],"v":[[25,-6.299],[5.176,-10.303],[5.176,-2.295],[24.17,0.977],[43.262,-4.297],[50.098,-18.994],[45.923,-30.811],[30.42,-39.502],[20.386,-43.921],[15.869,-48.242],[14.502,-54.297],[18.213,-62.158],[28.516,-64.99],[45.703,-61.279],[48.242,-68.506],[28.906,-72.412],[12.305,-67.529],[6.104,-54.614],[10.352,-41.699],[24.609,-33.203],[35.278,-28.638],[40.21,-24.268],[41.699,-18.213],[37.451,-9.424]],"c":true},"ix":2},"nm":"S","mn":"ADBE Vector Shape - Group","hd":false}],"nm":"S","np":3,"cix":2,"bm":0,"ix":1,"mn":"ADBE Vector Group","hd":false}]},"fFamily":"Open Sans Hebrew"},{"ch":"U","size":50,"style":"Regular","w":72.8,"data":{"shapes":[{"ty":"gr","it":[{"ind":0,"ty":"sh","ix":1,"ks":{"a":0,"k":{"i":[[0,0],[0,0],[0,0],[3.255,-3.223],[6.152,0],[3.271,3.174],[0,5.989],[0,0],[0,0],[0,0],[-4.688,-4.688],[-8.562,0],[-4.932,4.639],[0,8.171]],"o":[[0,0],[0,0],[0,5.957],[-3.255,3.223],[-6.152,0],[-3.271,-3.174],[0,0],[0,0],[0,0],[0,8.203],[4.753,4.688],[8.562,0],[4.932,-4.639],[0,0]],"v":[[63.721,-71.387],[55.42,-71.387],[55.42,-24.902],[50.537,-11.133],[36.426,-6.299],[22.29,-11.06],[17.383,-24.805],[17.383,-71.387],[9.082,-71.387],[9.082,-25.391],[16.113,-6.055],[36.084,0.977],[56.323,-5.981],[63.721,-25.195]],"c":true},"ix":2},"nm":"U","mn":"ADBE Vector Shape - Group","hd":false}],"nm":"U","np":3,"cix":2,"bm":0,"ix":1,"mn":"ADBE Vector Group","hd":false}]},"fFamily":"Open Sans Hebrew"}]}