{
  "project_info": {
    "project_number": "804134120919",
    "project_id": "visualizevocabulary",
    "storage_bucket": "visualizevocabulary.appspot.com"
  },
  "client": [
    {
      "client_info": {
        "mobilesdk_app_id": "1:804134120919:android:0a4f62027dcb7e9587af92",
        "android_client_info": {
          "package_name": "com.example.visualizevocabulary"
        }
      },
      "oauth_client": [
        {
          "client_id": "804134120919-9td855kh7qlnkcomsajtvkqas6v3ineb.apps.googleusercontent.com",
          "client_type": 3
        }
      ],
      "api_key": [
        {
          "current_key": "AIzaSyCjiWNMH2rdjoNPeEl6sw_F1ZB6Ksm6gTk"
        }
      ],
      "services": {
        "appinvite_service": {
          "other_platform_oauth_client": [
            {
              "client_id": "804134120919-9td855kh7qlnkcomsajtvkqas6v3ineb.apps.googleusercontent.com",
              "client_type": 3
            }
          ]
        }
      }
    }
  ],
  "configuration_version": "1"
}